{
  "_fv": 34,
  "_type": "gui",
  "definition": {
    "type": 1,
    "width": 183,
    "height": 178,
    "inventoryOffsetX": 0,
    "inventoryOffsetY": 0,
    "renderBgLayer": true,
    "doesPauseGame": false,
    "components": [
      {
        "type": "label",
        "data": {
          "text": "Transmutation",
          "color": {
            "value": -12829636,
            "falpha": 0.0
          },
          "name": "Transmutation",
          "x": 180,
          "y": 45
        }
      },
      {
        "type": "button",
        "data": {
          "text": "Transmute Items",
          "width": 103,
          "height": 20,
          "name": "Transmute Items",
          "x": 163,
          "y": 92
        }
      },
      {
        "type": "inputslot",
        "data": {
          "inputLimit": {
            "value": ""
          },
          "color": {
            "value": -10027009,
            "falpha": 0.0
          },
          "id": 0,
          "disableStackInteraction": false,
          "dropItemsWhenNotBound": true,
          "name": "Slot #0",
          "x": 171,
          "y": 66
        }
      },
      {
        "type": "outputslot",
        "data": {
          "color": {
            "value": -3407872,
            "falpha": 0.0
          },
          "id": 1,
          "disableStackInteraction": false,
          "dropItemsWhenNotBound": true,
          "name": "Slot #1",
          "x": 238,
          "y": 65
        }
      }
    ],
    "gridSettings": {
      "sx": 18,
      "sy": 18,
      "ox": 11,
      "oy": 15,
      "snapOnGrid": false
    }
  }
}