{
  "schemaVersion": 1,
  "id": "project_alchemy",
  "version": "1.0.0",
  "name": "Project Alchemy",
  "authors": [
    "timcr, MCreator"
  ],
  "contact": {
    "homepage": "https://mcreator.net",
    "sources": ""
  },
  "license": "Academic Free License v3.0",
  "environment": "*",
  "entrypoints": {
    "main": [
      "net.mcreator.projectalchemy.ProjectAlchemyMod"
    ],
    "client": [
      "net.mcreator.projectalchemy.ClientInit"
    ]
  },
  "depends": {
    "fabricloader": ">=0.14.9",
    "fabric": "*",
    "minecraft": "~1.18",
    "java": ">=17"
  }
}